profile_key,symbol_suggestion,name_zh,name_en,role,theme_tags,size,creature_type,temperament,threat_tier,ac,hp_max,hp_formula,speed_walk_ft,speed_climb_ft,speed_fly_ft,speed_swim_ft,str_score,dex_score,con_score,int_score,wis_score,cha_score,str_mod,dex_mod,con_mod,int_mod,wis_mod,cha_mod,save_bonuses_json,skills_json,senses,passive_perception,languages,damage_resistances,damage_immunities,condition_immunities,traits_json,actions_json,bonus_actions_json,reactions_json,legendary_actions_json,tactics,encounter_notes
mist_hound,u,霧獵犬,Mist Hound,skirmisher,forest|mist|pack,中型,野獸,飢餓而警覺,1,12,14,4d8-4,45,0,0,0,13,15,9,3,13,6,1,2,-1,-4,1,-2,"{""str"":1,""dex"":2,""con"":-1,""int"":-4,""wis"":1,""cha"":-2}","{""perception"":3,""stealth"":4}",敏銳嗅覺；黑暗視覺60呎,13,—,,,,"[{""name"":""群襲本能"",""effect"":""若目標5呎內有另一隻友方霧獵犬，對該目標的近戰攻擊具有優勢。""},{""name"":""霧步"",""effect"":""位於濃霧、昏暗光或黑暗時，可無視非魔法困難地形。""}]","[{""name"":""咬擊"",""kind"":""melee_attack"",""to_hit"":4,""reach_ft"":5,""target"":""1個目標"",""damage"":""2d4+2 穿刺"",""on_hit"":""目標必須通過DC 12力量豁免，否則倒地。""}]",[],[],[],先集火落單目標；若遭受重創，退入濃霧並等待同伴。,可直接取代現有狼 profile 的測試對象，但數值為原創。
thornhide_boar,K,荊棘背野豬,Thornhide Boar,bruiser,forest|beast|charge,中型,野獸,易怒,1,13,24,4d8+6,40,0,0,0,16,10,14,2,10,5,3,0,2,-4,0,-3,"{""str"":3,""dex"":0,""con"":2,""int"":-4,""wis"":0,""cha"":-3}",{},—,10,—,,,,"[{""name"":""衝刺撞擊"",""effect"":""若本回合直線移動至少20呎後以獠牙命中，額外造成1d6穿刺傷害，且目標DC 13力量豁免失敗則倒地。""}]","[{""name"":""獠牙"",""kind"":""melee_attack"",""to_hit"":5,""reach_ft"":5,""target"":""1個目標"",""damage"":""1d8+3 穿刺""}]",[],[],[],以衝刺撞擊打散前排，之後不斷換目標。,
grave_crow_swarm,Y,墓鴉群,Grave Crow Swarm,harasser,graveyard|swarm|flying,中型,獸群,躁動,1,13,22,5d8,0,0,50,0,6,16,10,3,12,6,-2,3,0,-4,1,-2,"{""str"":-2,""dex"":3,""con"":0,""int"":-4,""wis"":1,""cha"":-2}","{""perception"":3}",黑暗視覺60呎,13,—,鈍擊、穿刺、揮砍（非魔法且非範圍傷害）,,擒抱、倒地、束縛,"[{""name"":""蜂群"",""effect"":""可佔據其他生物空間並可穿過任意足以讓微小生物通過的縫隙。生命值低於一半時，其啄擊傷害減半。""}]","[{""name"":""啄噬"",""kind"":""melee_attack"",""to_hit"":5,""reach_ft"":0,""target"":""該群所在空間內的一個生物"",""damage"":""3d4 穿刺"",""on_hit"":""生命值低於一半時改為1d4。""}]",[],[],[],纏住後排施法者或受傷角色，避免與重甲近戰單挑。,
dusk_panther,P,暮影豹,Dusk Panther,ambusher,forest|ruins|stealth,中型,野獸,掠食,2,14,34,6d8+6,50,30,0,0,14,17,12,4,14,8,2,3,1,-3,2,-1,"{""str"":2,""dex"":3,""con"":1,""int"":-3,""wis"":2,""cha"":-1}","{""perception"":4,""stealth"":7}",黑暗視覺90呎,14,—,,,,"[{""name"":""暗處伏擊"",""effect"":""第一回合對尚未行動的生物攻擊具有優勢；若命中，額外造成2d6穿刺傷害。""}]","[{""name"":""爪擊"",""kind"":""melee_attack"",""to_hit"":5,""reach_ft"":5,""target"":""1個目標"",""damage"":""1d6+3 揮砍""},{""name"":""撲咬"",""kind"":""melee_attack"",""to_hit"":5,""reach_ft"":5,""target"":""1個倒地目標"",""damage"":""2d6+3 穿刺""}]",[],[],[],自遮蔽處撲擊，優先攻擊被控制或倒地的角色。,
mist_stag,M,霧角鹿,Mist Stag,controller,forest|mist|feylike,大型,魔獸,受驚的領地守衛,2,13,39,6d10+6,50,0,0,0,16,14,13,6,14,11,3,2,1,-2,2,0,"{""str"":3,""dex"":2,""con"":1,""int"":-2,""wis"":2,""cha"":0}",{},黑暗視覺60呎,12,—,,,,"[{""name"":""迷霧角域"",""effect"":""以此生物為中心10呎內視線模糊；遠程攻擊穿越此區域時具有劣勢。""}]","[{""name"":""角撞"",""kind"":""melee_attack"",""to_hit"":5,""reach_ft"":5,""target"":""1個目標"",""damage"":""2d8+3 鈍擊"",""on_hit"":""若本回合移動至少20呎，目標DC 13力量豁免失敗則被推開10呎。""},{""name"":""霧鳴（充能5-6）"",""kind"":""save"",""save"":""wis"",""dc"":13,""area"":""30呎圓錐"",""damage"":""2d6 心靈"",""on_fail"":""且直到下一回合開始前不能使用反應。"",""on_success"":""半傷害。""}]",[],[],[],保持距離，利用霧鳴打斷反應與隊形。,
grave_husk,Z,墓行屍,Grave Husk,bruiser,graveyard|undead|horde,中型,不死生物,遲鈍,1,8,30,4d8+12,20,0,0,0,15,6,16,3,6,5,2,-2,3,-4,-2,-3,"{""str"":4,""dex"":-2,""con"":5,""int"":-4,""wis"":-2,""cha"":-3}",{},黑暗視覺60呎,8,—,,毒素,中毒,"[{""name"":""不滅軀體"",""effect"":""受到使其降至0生命值的傷害時，若該傷害不是光耀或重擊，擲d20；11以上則改為降至1生命值。""}]","[{""name"":""腐爪"",""kind"":""melee_attack"",""to_hit"":4,""reach_ft"":5,""target"":""1個目標"",""damage"":""1d6+2 鈍擊"",""on_hit"":""目標DC 12體質豁免失敗則直到其下一回合開始前速度降低10呎。""}]",[],[],[],結群堵路；拖慢近戰角色，讓遠方同伴輸出。,
bone_sentry,B,骨衛,Bone Sentry,soldier,crypt|undead|weapon,中型,不死生物,服從指令,1,14,17,5d8-5,30,0,0,0,11,14,9,6,10,5,0,2,-1,-2,0,-3,"{""str"":0,""dex"":2,""con"":-1,""int"":-2,""wis"":0,""cha"":-3}","{""perception"":2}",黑暗視覺60呎,12,—,穿刺,毒素,力竭、中毒,"[{""name"":""鈍擊脆裂"",""effect"":""受到鈍擊傷害時承受額外3傷害。""}]","[{""name"":""彎刃"",""kind"":""melee_attack"",""to_hit"":4,""reach_ft"":5,""target"":""1個目標"",""damage"":""1d6+2 揮砍""},{""name"":""骨弩"",""kind"":""ranged_attack"",""to_hit"":4,""range"":""80/320"",""target"":""1個目標"",""damage"":""1d6+2 穿刺""}]",[],[],[],守住門口或高台；遠距射擊直到敵人靠近。,
tomb_shade,S,墓影,Tomb Shade,skirmisher,crypt|undead|incorporeal,中型,不死生物,冷漠,2,13,45,10d8,0,0,40,0,6,16,10,9,12,15,-2,3,0,-1,1,2,"{""str"":-2,""dex"":3,""con"":0,""int"":-1,""wis"":1,""cha"":2}","{""stealth"":7}",黑暗視覺60呎,11,—,酸性、火焰、閃電、雷鳴；鈍擊、穿刺、揮砍（非魔法）,寒冷、死靈、毒素,擒抱、倒地、束縛、中毒,"[{""name"":""虛體移動"",""effect"":""可穿越生物與非魔法物體；若在回合結束時位於物體內，承受1d10力場傷害並被推至最近空間。""},{""name"":""暗影潛行"",""effect"":""在昏暗光或黑暗中，躲藏檢定具有優勢。""}]","[{""name"":""幽寒觸碰"",""kind"":""melee_attack"",""to_hit"":5,""reach_ft"":5,""target"":""1個目標"",""damage"":""2d6+3 死靈"",""on_hit"":""目標直到下一回合開始前不能恢復生命值。""}]",[],[],[],穿牆攻擊後排，盡量在回合結束前回到遮蔽處。,
lantern_wraith,L,提燈幽靈,Lantern Wraith,controller,haunted|undead|light,中型,不死生物,哀傷,2,12,38,7d8+7,0,0,40,0,7,14,12,10,13,16,-2,2,1,0,1,3,"{""str"":-2,""dex"":2,""con"":1,""int"":0,""wis"":1,""cha"":3}","{""perception"":3,""stealth"":6}",黑暗視覺120呎,13,—,酸性、火焰、閃電、雷鳴；鈍擊、穿刺、揮砍（非魔法）,寒冷、死靈、毒素,擒抱、倒地、束縛、中毒,"[{""name"":""亡燈"",""effect"":""周圍20呎為昏暗光。敵人首次進入此光域時，必須DC 13感知豁免，失敗則直到回合結束前不能採取反應。""}]","[{""name"":""冷焰"",""kind"":""ranged_attack"",""to_hit"":5,""range"":""60/180"",""target"":""1個目標"",""damage"":""2d8+3 寒冷""},{""name"":""招魂閃光（充能6）"",""kind"":""save"",""save"":""wis"",""dc"":13,""area"":""20呎半徑"",""damage"":""2d6 心靈"",""on_fail"":""且受魅惑至其下一回合結束。"",""on_success"":""半傷害。""}]",[],[],[],停在敵軍邊緣，利用控場燈光為盟友創造空間。,
drowned_revenant,D,溺亡復仇者,Drowned Revenant,bruiser,river|undead|grapple,中型,不死生物,執著,3,15,68,8d8+32,25,0,0,40,18,12,18,8,11,12,4,1,4,-1,0,1,"{""str"":6,""dex"":3,""con"":6,""int"":-1,""wis"":2,""cha"":3}",{},黑暗視覺60呎,10,—,死靈,毒素,中毒,"[{""name"":""水中伏擊"",""effect"":""在水中對未察覺它的目標攻擊具有優勢。""}]","[{""name"":""濕手擒抱"",""kind"":""melee_attack"",""to_hit"":6,""reach_ft"":5,""target"":""1個目標"",""damage"":""1d8+4 鈍擊"",""on_hit"":""目標被擒抱（逃脫DC 14）；擒抱期間目標速度為0。""},{""name"":""拖入深處"",""kind"":""special"",""requirement"":""擒抱一個生物"",""effect"":""將目標拖動最多20呎；若目標結束時位於深水，承受2d6窒息性鈍擊。""}]",[],[],[],在水邊伏擊；把最脆弱目標拖離隊友。,
marrow_brute,R,髓骨巨屍,Marrow Brute,bruiser,crypt|undead|large,大型,不死生物,受命令驅使,3,14,82,9d10+27,30,0,0,0,19,8,17,4,8,6,4,-1,3,-3,-1,-2,"{""str"":6,""dex"":-1,""con"":5,""int"":-3,""wis"":-1,""cha"":-2}",{},黑暗視覺60呎,9,—,,毒素,中毒,"[{""name"":""橫掃骨臂"",""effect"":""可佔據10呎空間；其近戰攻擊可觸及10呎。""}]","[{""name"":""骨拳"",""kind"":""melee_attack"",""to_hit"":6,""reach_ft"":10,""target"":""1個目標"",""damage"":""2d8+4 鈍擊""},{""name"":""碎骨橫掃（充能5-6）"",""kind"":""save"",""save"":""dex"",""dc"":14,""area"":""15呎半圓"",""damage"":""3d8+4 鈍擊"",""on_fail"":""且倒地。"",""on_success"":""半傷害。""}]",[],[],[],封鎖狹窄區域；以橫掃逼退多名近戰者。,
blood_thrall,Q,血誓侍從,Blood Thrall,skirmisher,village|cult|blood,中型,人形生物,狂熱,1,12,22,4d8+4,30,0,0,0,11,14,12,9,10,12,0,2,1,-1,0,1,"{""str"":0,""dex"":2,""con"":1,""int"":-1,""wis"":0,""cha"":1}","{""deception"":3,""stealth"":4}",—,10,通用語,,,,"[{""name"":""血腥狂熱"",""effect"":""生命值低於一半時，近戰攻擊額外造成1死靈傷害。""}]","[{""name"":""儀式匕首"",""kind"":""melee_attack"",""to_hit"":4,""reach_ft"":5,""target"":""1個目標"",""damage"":""1d4+2 穿刺+1d4 死靈""},{""name"":""石塊"",""kind"":""ranged_attack"",""to_hit"":4,""range"":""20/60"",""target"":""1個目標"",""damage"":""1d4+2 鈍擊""}]",[],[],[],避免單獨作戰；在其他人控制住目標後補刀。,
ash_cultist,C,灰燼教徒,Ash Cultist,artillery,cult|fire|ruins,中型,人形生物,偏執,2,13,36,8d8,30,0,0,0,9,14,10,12,11,14,-1,2,0,1,0,2,"{""str"":-1,""dex"":2,""con"":0,""int"":1,""wis"":0,""cha"":2}","{""arcana"":3,""deception"":4}",—,10,通用語、祕語,火焰,,,"[{""name"":""焚香護幕"",""effect"":""每次受到遠程攻擊時，可使該次攻擊骰承受-1d4（每回合一次）。""}]","[{""name"":""炭火箭"",""kind"":""ranged_attack"",""to_hit"":5,""range"":""60/180"",""target"":""1個目標"",""damage"":""2d6 火焰""},{""name"":""灰爆（充能5-6）"",""kind"":""save"",""save"":""dex"",""dc"":13,""area"":""10呎半徑，射程60呎"",""damage"":""3d6 火焰"",""on_fail"":""該區域至下一回合開始為輕度遮蔽。"",""on_success"":""半傷害。""}]",[],[],[],躲在掩體後輸出，優先打斷集中與遠程施法。,
velvet_duelist,V,天鵝絨決鬥者,Velvet Duelist,skirmisher,manor|noble|fencer,中型,人形生物,傲慢,3,15,54,9d8+14,35,0,0,0,11,18,14,12,11,15,0,4,2,1,0,2,"{""str"":0,""dex"":4,""con"":2,""int"":1,""wis"":0,""cha"":2}","{""acrobatics"":6,""deception"":4,""perception"":2}",—,12,通用語,,,,"[{""name"":""優雅步法"",""effect"":""未穿重甲且未被擒抱時，對藉機攻擊具有優勢。""}]","[{""name"":""細劍"",""kind"":""melee_attack"",""to_hit"":6,""reach_ft"":5,""target"":""1個目標"",""damage"":""1d8+4 穿刺""},{""name"":""袖箭"",""kind"":""ranged_attack"",""to_hit"":6,""range"":""30/90"",""target"":""1個目標"",""damage"":""1d4+4 穿刺""}]","[{""name"":""脫離"",""effect"":""採取脫離動作。""}]","[{""name"":""格擋"",""trigger"":""被近戰攻擊命中"",""effect"":""使該次傷害減少1d8+4。""}]",[],進出近戰、逼迫反應、挑戰敵方敏捷型角色。,
pallid_seer,E,蒼白先知,Pallid Seer,controller,cult|divination|mind,中型,人形生物,陰鬱,3,12,48,8d8+12,30,0,0,0,8,14,13,15,14,13,-1,2,1,2,2,1,"{""str"":-1,""dex"":2,""con"":1,""int"":2,""wis"":2,""cha"":1}","{""arcana"":4,""insight"":4,""perception"":4}",黑暗視覺60呎,14,通用語、祕語,,,,"[{""name"":""預示裂隙"",""effect"":""先知在先攻擲骰具有優勢。""}]","[{""name"":""心靈針"",""kind"":""ranged_attack"",""to_hit"":5,""range"":""90/240"",""target"":""1個目標"",""damage"":""3d6 心靈"",""on_hit"":""目標下一次攻擊骰承受-1d4。""},{""name"":""恐慌預言（充能5-6）"",""kind"":""save"",""save"":""wis"",""dc"":14,""area"":""30呎內最多2個可見目標"",""damage"":""2d8 心靈"",""on_fail"":""恐懼至其下一回合結束。"",""on_success"":""半傷害。""}]",[],[],[],永遠站在保護者後面；優先干擾高爆發角色。,
crypt_necromancer,N,墓室咒術師,Crypt Necromancer,artillery,crypt|necromancy|summoner,中型,人形生物,冷酷,4,13,66,12d8+12,30,0,0,0,8,14,12,17,12,11,-1,2,1,3,1,0,"{""str"":-1,""dex"":4,""con"":3,""int"":5,""wis"":3,""cha"":0}","{""arcana"":7,""religion"":7}",黑暗視覺60呎,11,通用語、古墓語,死靈,,,"[{""name"":""骨僕召令"",""effect"":""60呎內每有一名友方不死生物，咒術師的AC+1，最多+2。""}]","[{""name"":""死靈射線"",""kind"":""ranged_attack"",""to_hit"":7,""range"":""120/360"",""target"":""1個目標"",""damage"":""4d6 死靈""},{""name"":""抬骨（每日2次）"",""kind"":""summon"",""effect"":""在60呎內未佔據空間召喚1d3個骨衛；持續10分鐘或直到被消滅。""}]","[{""name"":""骨盾"",""effect"":""使自己直到下一回合開始前獲得+2 AC。""}]",[],[],優先召喚與維持距離；若被貼身，利用骨盾撤退。,
reed_hexer,H,蘆葦咒婆,Reed Hexer,controller,swamp|haglike|curse,中型,妖精,惡意而狡猾,4,14,71,11d8+22,30,0,0,30,10,14,14,16,13,15,0,2,2,3,1,2,"{""str"":0,""dex"":2,""con"":2,""int"":3,""wis"":1,""cha"":2}","{""arcana"":5,""deception"":4,""stealth"":4}",黑暗視覺60呎,11,通用語、沼語,寒冷、火焰,,,"[{""name"":""沼影遁形"",""effect"":""在沼澤、淺水或濃霧中，可作為附贈動作躲藏。""}]","[{""name"":""枯枝杖"",""kind"":""melee_attack"",""to_hit"":5,""reach_ft"":5,""target"":""1個目標"",""damage"":""1d6+2 鈍擊+2d6 死靈""},{""name"":""咒痕（充能5-6）"",""kind"":""save"",""save"":""wis"",""dc"":14,""area"":""60呎內1個目標"",""damage"":""3d8 心靈"",""on_fail"":""目標在下一次豁免上具有劣勢。"",""on_success"":""半傷害。""}]","[{""name"":""煙霧化"",""effect"":""移動最多15呎且不引發藉機攻擊，必須結束在濃霧或水面附近。""}]",[],[],不與前排硬碰；靠控制和環境逃脫。,
stitch_servant,T,縫合侍者,Stitch Servant,bruiser,laboratory|construct|flesh,中型,構裝生物,無情緒,2,13,44,8d8+8,30,0,0,0,16,10,13,3,8,5,3,0,1,-4,-1,-3,"{""str"":3,""dex"":0,""con"":1,""int"":-4,""wis"":-1,""cha"":-3}",{},黑暗視覺60呎,9,—,,毒素、心靈,魅惑、力竭、恐懼、麻痺、石化、中毒,"[{""name"":""拼接肌腱"",""effect"":""第一次被降至生命值一半以下時，立即移動最多10呎且不引發藉機攻擊。""}]","[{""name"":""鉤爪"",""kind"":""melee_attack"",""to_hit"":5,""reach_ft"":5,""target"":""1個目標"",""damage"":""1d10+3 揮砍""},{""name"":""縫線甩擊"",""kind"":""melee_attack"",""to_hit"":5,""reach_ft"":10,""target"":""1個目標"",""damage"":""1d6+3 鈍擊"",""on_hit"":""目標DC 13力量豁免失敗則被拉近5呎。""}]",[],[],[],拉近後排目標或把敵人拖出掩護。,
gargoyle_watch,G,石翼守望者,Gargoyle Watcher,sentinel,castle|construct|flying,中型,元素生物,沉默守衛,3,16,58,9d8+18,30,0,50,0,16,11,14,6,11,7,3,0,2,-2,0,-2,"{""str"":3,""dex"":0,""con"":2,""int"":-2,""wis"":0,""cha"":-2}",{},黑暗視覺60呎,10,—,鈍擊、穿刺、揮砍（非魔法）,毒素,力竭、石化、中毒,"[{""name"":""石像偽裝"",""effect"":""靜止時難以與普通石像區分。""}]","[{""name"":""雙爪"",""kind"":""multiattack"",""attacks"":[{""name"":""爪"",""to_hit"":5,""damage"":""1d6+3 揮砍""},{""name"":""爪"",""to_hit"":5,""damage"":""1d6+3 揮砍""}]},{""name"":""石喙"",""kind"":""melee_attack"",""to_hit"":5,""reach_ft"":5,""target"":""1個目標"",""damage"":""1d8+3 穿刺""}]",[],[],[],先伏擊飛越或接近高處的敵人，保護指定門口。,
whisper_skull,F,低語顱,Whisper Skull,harasser,haunted|undead|flying,小型,不死生物,戲謔,2,14,27,6d6+6,0,0,50,0,4,17,12,12,10,14,-3,3,1,1,0,2,"{""str"":-3,""dex"":3,""con"":1,""int"":1,""wis"":0,""cha"":2}","{""stealth"":5}",黑暗視覺60呎,10,通用語,死靈；鈍擊、穿刺、揮砍（非魔法）,毒素,倒地、中毒,"[{""name"":""迴音嘲弄"",""effect"":""60呎內敵人首次施放需要聲音成分的法術時，必須DC 12體質豁免，失敗則承受1d4心靈傷害。""}]","[{""name"":""骨牙"",""kind"":""melee_attack"",""to_hit"":5,""reach_ft"":5,""target"":""1個目標"",""damage"":""1d4+3 穿刺""},{""name"":""尖笑"",""kind"":""save"",""save"":""wis"",""dc"":12,""area"":""15呎半徑"",""damage"":""2d6 心靈"",""on_fail"":""且直到下一回合開始前不能採取反應。"",""on_success"":""半傷害。""}]",[],[],[],飛到後排上方，不斷打斷反應與施法。,
thorn_blight,X,黑棘病株,Thorn Blight,controller,forest|plant|ambush,中型,植物,無情,2,12,36,8d8,25,0,0,0,13,12,10,5,10,3,1,1,0,-3,0,-4,"{""str"":1,""dex"":1,""con"":0,""int"":-3,""wis"":0,""cha"":-4}",{},盲視30呎（超出此範圍失明）,10,—,穿刺,雷鳴,目盲、耳聾,"[{""name"":""靜止偽裝"",""effect"":""靜止時難以與枯枝叢區分。""}]","[{""name"":""荊鞭"",""kind"":""melee_attack"",""to_hit"":4,""reach_ft"":15,""target"":""1個目標"",""damage"":""1d8+1 穿刺"",""on_hit"":""目標速度減少10呎直到其下一回合開始。""},{""name"":""刺種爆裂（充能6）"",""kind"":""save"",""save"":""dex"",""dc"":12,""area"":""10呎半徑"",""damage"":""3d6 穿刺"",""on_success"":""半傷害。""}]",[],[],[],躲在樹叢旁限制走位；把敵人留在危險地形。,
crimson_duke,A,猩紅公爵,Crimson Duke,elite_duelist,manor|blood|noble,中型,不死生物,自信,5,17,98,13d8+39,35,25,0,0,16,18,16,14,12,18,3,4,3,2,1,4,"{""str"":6,""dex"":7,""con"":6,""int"":4,""wis"":3,""cha"":7}","{""deception"":7,""perception"":3,""stealth"":7}",黑暗視覺120呎,13,通用語、貴族語,死靈；鈍擊、穿刺、揮砍（非魔法）,,魅惑,"[{""name"":""夜行復原"",""effect"":""若非處於直射日光或流動水中，於自身回合開始時恢復8生命值；受到光耀傷害後直到下一回合開始前失去此效果。""},{""name"":""牆面攀行"",""effect"":""可在困難表面與天花板移動而不需檢定。""}]","[{""name"":""多重攻擊"",""kind"":""multiattack"",""attacks"":[{""name"":""血刃"",""to_hit"":7,""damage"":""1d8+4 穿刺+2d6 死靈""},{""name"":""血刃"",""to_hit"":7,""damage"":""1d8+4 穿刺+2d6 死靈""}]},{""name"":""魅惑凝視（充能5-6）"",""kind"":""save"",""save"":""wis"",""dc"":15,""area"":""30呎內1個可見生物"",""damage"":""0"",""on_fail"":""魅惑1分鐘；受害者每回合結束可重複豁免，成功即結束。""}]","[{""name"":""霧化躍移"",""effect"":""傳送至30呎內一處昏暗光、黑暗或濃霧空間。""}]","[{""name"":""血影偏斜"",""trigger"":""被攻擊命中"",""effect"":""使攻擊骰-3；若因此未命中，可移動10呎。""}]",[],先魅惑單一關鍵角色，隨後以位移拆散隊伍。,
moonless_bride,J,無月新娘,Moonless Bride,spellcaster_boss,haunted|undead|sorrow,中型,不死生物,悲傷而報復,5,15,105,14d8+42,30,0,40,0,9,16,16,14,15,19,-1,3,3,2,2,4,"{""str"":-1,""dex"":6,""con"":6,""int"":4,""wis"":5,""cha"":8}","{""insight"":5,""performance"":8,""stealth"":6}",黑暗視覺120呎,15,通用語、古語,酸性、火焰、閃電、雷鳴；鈍擊、穿刺、揮砍（非魔法）,寒冷、死靈、毒素,擒抱、倒地、束縛、中毒,"[{""name"":""哀歌光環"",""effect"":""敵人開始回合時若在10呎內，必須DC 15感知豁免，失敗則承受1d6心靈傷害且速度減半至回合結束。""}]","[{""name"":""月蝕之觸"",""kind"":""melee_attack"",""to_hit"":8,""reach_ft"":5,""target"":""1個目標"",""damage"":""3d6+4 寒冷+2d6 心靈""},{""name"":""失落婚歌（充能5-6）"",""kind"":""save"",""save"":""wis"",""dc"":16,""area"":""30呎圓錐"",""damage"":""5d6 心靈"",""on_fail"":""且恐懼至下一回合結束。"",""on_success"":""半傷害。""}]",[],[],"[{""name"":""漂移"",""cost"":1,""effect"":""移動最多20呎且不引發藉機攻擊。""},{""name"":""悲鳴"",""cost"":2,""effect"":""30呎內一名生物DC 15感知豁免，失敗受2d6心靈傷害。""}]",靠飛行與光環逼迫隊伍分散；在敵人資源用盡後施放婚歌。,
mistbound_lord,O,縛霧領主,Mistbound Lord,final_boss,castle|mist|undead|boss,中型,不死生物,冷靜殘酷,7,18,168,16d8+96,40,30,0,0,18,20,22,16,15,20,4,5,6,3,2,5,"{""str"":8,""dex"":9,""con"":10,""int"":6,""wis"":5,""cha"":9}","{""athletics"":8,""deception"":9,""perception"":5,""stealth"":9}",黑暗視覺120呎,15,通用語、古堡語、祕語,死靈；鈍擊、穿刺、揮砍（非魔法）,,魅惑,"[{""name"":""霧中再生"",""effect"":""若不在直射日光、流動水或神聖地面上，於回合開始恢復15生命值；受到光耀傷害後直到下一回合開始前失去此效果。""},{""name"":""傳奇抗性"",""effect"":""每日3次，豁免失敗時可改為成功。""},{""name"":""巢域壓迫"",""effect"":""在自身巢穴地圖中，濃霧與黑暗不妨礙其視線。""}]","[{""name"":""多重攻擊"",""kind"":""multiattack"",""attacks"":[{""name"":""夜刃"",""to_hit"":9,""damage"":""1d10+5 穿刺+2d8 死靈""},{""name"":""夜刃"",""to_hit"":9,""damage"":""1d10+5 穿刺+2d8 死靈""}]},{""name"":""血霧爆裂（充能5-6）"",""kind"":""save"",""save"":""con"",""dc"":17,""area"":""20呎半徑，射程90呎"",""damage"":""6d6 死靈"",""on_fail"":""且直到下一回合開始前不能恢復生命值。"",""on_success"":""半傷害。""}]","[{""name"":""霧行"",""effect"":""傳送至60呎內濃霧、昏暗光或黑暗空間。""}]","[{""name"":""完美偏轉"",""trigger"":""被攻擊命中"",""effect"":""使該次攻擊骰-4。""}]","[{""name"":""迅捷移動"",""cost"":1,""effect"":""移動最多30呎且不引發藉機攻擊。""},{""name"":""夜刃"",""cost"":1,""effect"":""進行一次夜刃攻擊。""},{""name"":""霧壓"",""cost"":2,""effect"":""20呎內所有敵人DC 17力量豁免，失敗被推開10呎並倒地。""}]",利用傳送、反應與地形讓隊伍無法包圍；當多人靠近時用霧壓拆隊。,
grave_knight,I,墓誓騎士,Grave Oath Knight,soldier,crypt|undead|armored,中型,不死生物,紀律嚴明,4,18,84,13d8+26,30,0,0,0,18,10,14,10,12,11,4,0,2,0,1,0,"{""str"":6,""dex"":2,""con"":4,""int"":2,""wis"":3,""cha"":2}","{""athletics"":6,""perception"":3}",黑暗視覺60呎,13,—,,毒素,中毒,"[{""name"":""墓誓守衛"",""effect"":""相鄰友方不死生物受到的第一次傷害每回合減少3。""}]","[{""name"":""雙手長劍"",""kind"":""melee_attack"",""to_hit"":6,""reach_ft"":5,""target"":""1個目標"",""damage"":""2d6+4 揮砍+1d6 死靈""},{""name"":""盾擊"",""kind"":""melee_attack"",""to_hit"":6,""reach_ft"":5,""target"":""1個目標"",""damage"":""1d6+4 鈍擊"",""on_hit"":""DC 14力量豁免失敗則倒地。""}]",[],"[{""name"":""守護攔截"",""trigger"":""5呎內友方被命中"",""effect"":""成為該攻擊的新目標。""}]",[],站在施法不死生物前方，保護後排。,
carrion_weaver,W,腐織者,Carrion Weaver,controller,ruins|vermin|web,大型,怪獸,飢餓,3,14,65,10d10+10,30,30,0,0,15,16,12,4,12,6,2,3,1,-3,1,-2,"{""str"":2,""dex"":3,""con"":1,""int"":-3,""wis"":1,""cha"":-2}","{""stealth"":7}",盲視10呎；黑暗視覺60呎,11,—,,,,"[{""name"":""蛛網行走"",""effect"":""可在困難表面與蛛網上移動而不需檢定。""},{""name"":""網感"",""effect"":""接觸同一蛛網時，知道任何其他接觸者的位置。""}]","[{""name"":""毒牙"",""kind"":""melee_attack"",""to_hit"":5,""reach_ft"":5,""target"":""1個目標"",""damage"":""1d8+3 穿刺+2d6 毒素""},{""name"":""腐網"",""kind"":""ranged_attack"",""to_hit"":5,""range"":""30/60"",""target"":""1個大型或更小生物"",""damage"":""0"",""on_hit"":""束縛（逃脫DC 13）；網可被攻擊（AC10，HP8，火焰易傷）。""}]",[],[],[],先網住最危險的近戰者，再毒牙攻擊被束縛者。,
fog_banshee,Q,霧泣女妖,Fog Banshee,controller,mist|undead|sound,中型,不死生物,痛苦,4,12,72,13d8+13,0,0,40,0,1,14,12,12,13,17,-5,2,1,1,1,3,"{""str"":-5,""dex"":2,""con"":1,""int"":1,""wis"":1,""cha"":3}","{""perception"":3,""stealth"":6}",黑暗視覺60呎,13,通用語,酸性、火焰、閃電、雷鳴；鈍擊、穿刺、揮砍（非魔法）,寒冷、死靈、毒素,擒抱、倒地、束縛、中毒,"[{""name"":""無形移動"",""effect"":""可穿越生物與非魔法物體。""}]","[{""name"":""冷魂觸碰"",""kind"":""melee_attack"",""to_hit"":5,""reach_ft"":5,""target"":""1個目標"",""damage"":""3d6+3 死靈""},{""name"":""裂心尖嘯（每日1次）"",""kind"":""save"",""save"":""con"",""dc"":15,""area"":""30呎半徑"",""damage"":""6d6 心靈"",""on_fail"":""且恐懼至下一回合結束。"",""on_success"":""半傷害。""}]",[],[],[],在隊伍已被拉散後使用尖嘯，避免直接吃光耀傷害。,
wolfblood_raider,U,狼血掠奪者,Wolfblood Raider,bruiser,forest|shapeshifter|humanoid,中型,人形生物,好戰,3,14,59,9d8+18,35,0,0,0,16,14,15,9,12,10,3,2,2,-1,1,0,"{""str"":3,""dex"":2,""con"":2,""int"":-1,""wis"":1,""cha"":0}","{""athletics"":5,""perception"":3,""survival"":3}",敏銳嗅覺；黑暗視覺60呎,13,通用語、獵語,,,,"[{""name"":""獵群信號"",""effect"":""30呎內友方野獸命中同一目標時，該掠奪者對目標下一次攻擊+2。""}]","[{""name"":""斧鉤"",""kind"":""melee_attack"",""to_hit"":5,""reach_ft"":5,""target"":""1個目標"",""damage"":""1d10+3 揮砍""},{""name"":""長弓"",""kind"":""ranged_attack"",""to_hit"":4,""range"":""150/600"",""target"":""1個目標"",""damage"":""1d8+2 穿刺""}]","[{""name"":""獵人標記"",""effect"":""標記60呎內可見目標至下一回合結束；對其下一次武器命中額外造成1d6傷害。""}]",[],[],用弓標記，等前排牽制後再進場斬首。,
ashen_scarecrow,R,灰燼稻草人,Ashen Scarecrow,fear_controller,farm|construct|fear,中型,構裝生物,無聲,2,12,40,8d8+4,30,0,0,0,13,12,11,6,10,8,1,1,0,-2,0,-1,"{""str"":1,""dex"":1,""con"":0,""int"":-2,""wis"":0,""cha"":-1}",{},黑暗視覺60呎,10,—,,毒素,魅惑、力竭、恐懼、麻痺、中毒,"[{""name"":""駭人外觀"",""effect"":""首次看見它的敵人必須DC 12感知豁免，失敗則恐懼至其下一回合結束。""}]","[{""name"":""鐮刀"",""kind"":""melee_attack"",""to_hit"":3,""reach_ft"":5,""target"":""1個目標"",""damage"":""2d4+1 揮砍""},{""name"":""灰燼凝視（充能5-6）"",""kind"":""save"",""save"":""wis"",""dc"":12,""area"":""30呎內1個目標"",""damage"":""2d6 心靈"",""on_fail"":""且恐懼1回合。"",""on_success"":""半傷害。""}]",[],[],[],守在作物、稻草堆或窄道旁，靠恐懼逼迫隊伍撤退。,
